[
  {
    "city": "Herstal",
    "province": "Luik",
    "name": "Cash Express Herstal",
    "category": "Thrift store",
    "address": "Rue du Fort 2, 4040 Herstal, Belgium",
    "phone": "+32 4 264 01 71",
    "website": "cashexpress.be",
    "stars": "4.2",
    "review_count": "362 reviews",
    "google_maps_url": "https://www.google.com/maps/place/Cash+Express+Herstal/data=!4m7!3m6!1s0x47c0f1caacbe146b:0x565a58281c85bcac!8m2!3d50.6884503!4d5.6451903!16s%2Fg%2F11d_b9hdh7!19sChIJaxS-rMrxwEcRrLyFHChYWlY?authuser=0&hl=en&rclk=1",
    "website_content": null
  },
  {
    "city": "Herstal",
    "province": "Luik",
    "name": "Oxfam Solidarite",
    "category": "Thrift store",
    "address": "Bd Zénobe Gramme 120, 4040 Herstal, Belgium",
    "phone": "+32 4 240 08 01",
    "website": "oxfamsol.be",
    "stars": "4.1",
    "review_count": "183 reviews",
    "google_maps_url": "https://www.google.com/maps/place/Oxfam+Solidarite/data=!4m7!3m6!1s0x47c0f0f1361379a1:0x37f02c42b7257c2f!8m2!3d50.6604477!4d5.6289268!16s%2Fg%2F1tjdkxfl!19sChIJoXkTNvHwwEcRL3wlt0Is8Dc?authuser=0&hl=en&rclk=1",
    "website_content": null
  },
  {
    "city": "Herstal",
    "province": "Luik",
    "name": "Terre Boutique Herstal",
    "category": "Used clothing store",
    "address": "Rue Elisa Dumonceau 15, 4040 Herstal, Belgium",
    "phone": "+32 4 264 38 92",
    "website": "terre.be",
    "stars": "4.4",
    "review_count": "32 reviews",
    "google_maps_url": "https://www.google.com/maps/place/Terre+Boutique+Herstal/data=!4m7!3m6!1s0x47c0f0f916b9ddb3:0xef705eb61c310773!8m2!3d50.6647595!4d5.6305325!16s%2Fg%2F1tzztnbx!19sChIJs925FvnwwEcRcwcxHLZecO8?authuser=0&hl=en&rclk=1",
    "website_content": null
  },
  {
    "city": "Herstal",
    "province": "Luik",
    "name": "Magasin Herstal - Fleur Service Social",
    "category": "Used clothing store",
    "address": "Rue Grande Foxhalle 99, 4040 Herstal, Belgium",
    "phone": "+32 4 227 47 98",
    "website": "fleurservicesocial.be",
    "stars": "4.1",
    "review_count": "18 reviews",
    "google_maps_url": "https://www.google.com/maps/place/Magasin+Herstal+-+Fleur+Service+Social/data=!4m7!3m6!1s0x47c0f11f8ec49d9f:0xaff4ea057015bfdc!8m2!3d50.6630578!4d5.6209755!16s%2Fg%2F11y5b2l7cd!19sChIJn53Ejh_xwEcR3L8VcAXq9K8?authuser=0&hl=en&rclk=1",
    "website_content": null
  },
  {
    "city": "Herstal",
    "province": "Luik",
    "name": "Timeless friperie",
    "category": "Used clothing store",
    "address": "Rue Saint-Rémy 17, 4000 Liège, Belgium",
    "phone": "",
    "website": "timeless-friperie.be",
    "stars": "4.8",
    "review_count": "45 reviews",
    "google_maps_url": "https://www.google.com/maps/place/Timeless+friperie/data=!4m7!3m6!1s0x47c057ba215828fb:0xedf769782ebb9953!8m2!3d50.6385477!4d5.569946!16s%2Fg%2F11tnhhz602!19sChIJ-yhYIbpXwEcRU5m7Lnhp9-0?authuser=0&hl=en&rclk=1",
    "website_content": null
  },
  {
    "city": "Herstal",
    "province": "Luik",
    "name": "Cash Converters Herstal",
    "category": "Second hand store",
    "address": "Rue Pierre Michaux 76, 4683 Oupeye, Belgium",
    "phone": "+32 4 248 33 75",
    "website": "cashconverters.be",
    "stars": "4.3",
    "review_count": "952 reviews",
    "google_maps_url": "https://www.google.com/maps/place/Cash+Converters+Herstal/data=!4m7!3m6!1s0x47c0f1cb0895d4f9:0x486573a8ae03071a!8m2!3d50.691713!4d5.647044!16s%2Fg%2F11cnbyy442!19sChIJ-dSVCMvxwEcRGgcDrqhzZUg?authuser=0&hl=en&rclk=1",
    "website_content": null
  },
  {
    "city": "Herstal",
    "province": "Luik",
    "name": "babyoles.be",
    "category": "Thrift store",
    "address": "Rue Jean-Lambert Sauveur 11, 4040 Herstal, Belgium",
    "phone": "+32 4 264 44 30",
    "website": "babyoles.be",
    "stars": "5.0",
    "review_count": "4 stars, 0 reviews",
    "google_maps_url": "https://www.google.com/maps/place/babyoles.be/data=!4m7!3m6!1s0x47c0ee68bb6395e3:0xcbeeb2513f9e1a6d!8m2!3d50.6732022!4d5.6313043!16s%2Fg%2F1pxwbb035!19sChIJ45Vju2juwEcRbRqeP1Gy7ss?authuser=0&hl=en&rclk=1",
    "website_content": null
  },
  {
    "city": "Herstal",
    "province": "Luik",
    "name": "Le ballon rouge",
    "category": "Used clothing store",
    "address": "Rue du Mery 18, 4000 Liège, Belgium",
    "phone": "+32 4 222 12 30",
    "website": "facebook.com",
    "stars": "4.5",
    "review_count": "28 reviews",
    "google_maps_url": "https://www.google.com/maps/place/Le+ballon+rouge/data=!4m7!3m6!1s0x47c0fa0589501161:0x1098473ffc8250d5!8m2!3d50.6394774!4d5.57438!16s%2Fg%2F1td3f50s!19sChIJYRFQiQX6wEcR1VCC_D9HmBA?authuser=0&hl=en&rclk=1",
    "website_content": null
  },
  {
    "city": "Herstal",
    "province": "Luik",
    "name": "Ressourcerie Du Pays De Liège",
    "category": "Thrift store",
    "address": "Quai St Léonard 79, 4000 Liège, Belgium",
    "phone": "+32 492 39 22 43",
    "website": "ressourcerieliege.be",
    "stars": "3.9",
    "review_count": "57 reviews",
    "google_maps_url": "https://www.google.com/maps/place/Ressourcerie+Du+Pays+De+Li%C3%A8ge/data=!4m7!3m6!1s0x47c0f0965909ffcb:0x4685c61232aecf6!8m2!3d50.6494304!4d5.5975995!16s%2Fg%2F11cs2wr27s!19sChIJy_8JWZbwwEcR9uwqI2FcaAQ?authuser=0&hl=en&rclk=1",
    "website_content": null
  },
  {
    "city": "Herstal",
    "province": "Luik",
    "name": "Terre Boutique Puits-en-Sock",
    "category": "Used clothing store",
    "address": "Rue Puits-en-Sock 60, 4020 Liège, Belgium",
    "phone": "+32 4 344 25 48",
    "website": "terre.be",
    "stars": "4.1",
    "review_count": "77 reviews",
    "google_maps_url": "https://www.google.com/maps/place/Terre+Boutique+Puits-en-Sock/data=!4m7!3m6!1s0x47c0f0a7f17acec5:0xbd9ad818c72473a0!8m2!3d50.6402163!4d5.5834588!16s%2Fg%2F1tf4230r!19sChIJxc568afwwEcRoHMkxxjYmr0?authuser=0&hl=en&rclk=1",
    "website_content": null
  }
]